{"cameraMode":{"drawMode":0,"name":"Shaded","section":"Shading Mode"},"sceneLighting":true,"audioPlay":false,"sceneViewState":{"showFog":true,"showMaterialUpdate":false,"showSkybox":true,"showFlares":true,"showImageEffects":true,"showParticleSystems":true},"in2DMode":false,"pivot":{"x":-31.796600341796876,"y":-26.115272521972658,"z":47.079017639160159},"rotation":{"x":-0.2364049106836319,"y":0.549346923828125,"z":-0.16561517119407655,"w":-0.7841615080833435},"size":137.38099670410157,"orthographic":false}